{
    "il9163":
    {
        "options":
        {
            "no_bits_in_name": false,
            "rowcol_bits": 16,
            "args_in_cmd_mode": false,
            "col_cmd": "0x2A",
            "column_div": 1,
            "row_cmd": "0x2B",
            "reset_duration": 20,
            "reset_delay": 120,
            "exit_cmd_mode_command": "0x2C"
        },
        "functions":
        {
            "interface_list": ["setRotation"],
            "setRotation": {}
        },
        "interfaces":
        {
            "spi":
            {
                "frequency": 8000000
            }
        },
        "bits":
        {
            "16":
            {
                "128x128":
                {
                    "init":
                    [
                        "#ifdef SDL_EMULATION",
                        "    SDL_LCD_IL9163, 0x00,",
                        "    0x00, 0x00,",
                        "#endif",
                        "//    0x01, 0x00,            // sw reset. not needed, we do hardware reset",
                        "    0x11, 0x00,              // exit sleep mode",
                        "    0x3A, 0x01, 0x05,        // set 16-bit pixel format",
                        "    0x26, 0x01, 0x04,        // set gamma curve: valid values 1, 2, 4, 8",
                        "//    0xF2, 0x01, 0x01,        // enable gamma adjustment, 0 - to disable",
                        "//    0xE0,   15, 0x3F, 0x25, 0x1C,",
                        "//                0x1E, 0x20, 0x12,",
                        "//                0x2A, 0x90, 0x24,",
                        "//                0x11, 0x00, 0x00,",
                        "//                0x00, 0x00, 0x00, // positive gamma correction",
                        "//    0xE1,   15, 0x20, 0x20, 0x20,",
                        "//                0x20, 0x05, 0x00,",
                        "//                0x15, 0xA7, 0x3D,",
                        "//                0x18, 0x25, 0x2A,",
                        "//                0x2B, 0x2B, 0x3A, // negative gamma correction",
                        "//    0xB1, 0x02,  0x08, 0x08, // frame rate control 1, use by default",
                        "//    0xB4, 0x01, 0x07,        // display inversion, use by default",
                        "    0xC0, 0x02, 0x0A, 0x02,    // power control 1",
                        "    0xC1, 0x01, 0x02,          // power control 2",
                        "    0xC5, 0x02, 0x50, 0x5B,    // vcom control 1",
                        "    0xC7, 0x01, 0x40,          // vcom offset",
                        "//    0x2A, 0x04,  0x00, 0x00, 0x00, 0x7F,   // set column address, not needed.",
                        "//    0x2B, 0x04,  0x00, 0x00, 0x00, 0x9F,   // set page address, not needed.",
                        "    0x36, 0x01,  0b00000000,   // Horizontal addressing mode",
                        "    0x29, 0x00,"
                    ]
                },
                "128x160":
                {
                    "init":
                    [
                        "#ifdef SDL_EMULATION",
                        "    SDL_LCD_IL9163, 0x00,",
                        "    0b00000011, 0x00,",
                        "#endif",
                        "//    0x01, 0x00,                     // sw reset. not needed, we do hardware reset",
                        "    0x11, 0x00,                       // exit sleep mode",
                        "    0x3A, 0x01, 0x05,        // set 16-bit pixel format",
                        "    0x26, 0x01, 0x04,        // set gamma curve: valid values 1, 2, 4, 8",
                        "    0xC0, 0x02, 0x0A, 0x02, // power control 1",
                        "    0xC1, 0x01, 0x02,                // power control 2",
                        "    0xC5, 0x02, 0x50, 0x5B, // vcom control 1",
                        "    0xC7, 0x01, 0x40,                // vcom offset",
                        "    0x36, 0x01, 0b00000000,          // Horizontal addressing mode",
                        "    0x29, 0x00"
                    ]
                }
            }
        }
    }
}

