{
    "st7735":
    {
        "options":
        {
            "no_bits_in_name": false,
            "rowcol_bits": 16,
            "args_in_cmd_mode": false,
            "col_cmd": "0x2A",
            "column_div": 1,
            "row_cmd": "0x2B",
            "reset_duration": 20,
            "reset_delay": 120,
            "exit_cmd_mode_command": "0x2C"
        },
        "functions":
        {
            "interface_list": ["setRotation", "setOffset"],
            "setRotation": {},
            "setOffset": {}
        },
        "interfaces":
        {
            "spi":
            {
                "frequency": 8000000
            }
        },
        "bits":
        {
            "16":
            {
                "128x128":
                {
                    "init":
                    [
                        "#ifdef SDL_EMULATION",
                        "    SDL_LCD_ST7735, 0x00,",
                        "    0b00000000, 0x00,",
                        "#endif",
                        "    0x01, CMD_DELAY,  150,   // SWRESET sw reset. not needed, we do hardware reset",
                        "    0x11, CMD_DELAY,  255,   // SLPOUT exit sleep mode",
                        "    0xB1, 0x03, 0x01, 0x2C, 0x2D,  // FRMCTR1 frame rate control 1, use by default",
                        "    0xB2, 0x03, 0x01, 0x2C, 0x2D,  // FRMCTR2, Frame Rate Control (In Idle mode/ 8-colors)",
                        "    0xB3, 0x06,              // FRMCTR3 (B3h): Frame Rate Control (In Partial mode/ full colors)",
                        "                0x01, 0x2C, 0x2D,",
                        "                0x01, 0x2C, 0x2D,",
                        "    0xB4, 0x01, 0x07,        // INVCTR display inversion, use by default",
                        "    0xB6, 0x02, 0x15, 0x02,  // DISSET5",
                        "    0xC0, 0x03, 0xA2, 0x02, 0x84,  // PWCTR1 power control 1",
                        "    0xC1, 0x01, 0xC5,        // PWCTR2 power control 2",
                        "    0xC2, 0x02, 0x0A, 0x00,  // PWCTR3 power control 3",
                        "    0xC3, 0x02, 0x8A, 0x2A,  // PWCTR4 (C3h): Power Control 4 (in Idle mode/ 8-colors)",
                        "    0xC4, 0x02, 0x8A, 0xEE,  // PWCTR5 (C4h): Power Control 5 (in Partial mode/ full-colors)",
                        "    0xC5, 0x01, 0x0E,        // VMCTR vcom control 1",
                        "    0x20, 0x00,              // INVOFF (20h): Display Inversion Off",
                        "//    0xFC, 0x02, 0x11, 0x15,  // PWCTR6",
                        "    0x36, 0x01, 0b00000000,  // MADCTL",
                        "    0x3A, 0x01, 0x05,        // COLMOD set 16-bit pixel format",
                        "//    0x26, 1, 0x08,        // GAMSET set gamma curve: valid values 1, 2, 4, 8",
                        "//    0xF2, 1, 0x01,        // enable gamma adjustment, 0 - to disable",
                        "    0xE0, 0x10, // GMCTRP1 positive gamma correction",
                        "                0x0F, 0x1A, 0x0F, 0x18,",
                        "                0x2F, 0x28, 0x20, 0x22,",
                        "                0x1F, 0x1B, 0x23, 0x37,",
                        "                0x00, 0x07, 0x02, 0x10,",
                        "    0xE1, 0x10, // GMCTRN1 negative gamma correction",
                        "                0x0F, 0x1B, 0x0F, 0x17,",
                        "                0x33, 0x2C, 0x29, 0x2E,",
                        "                0x30, 0x30, 0x39, 0x3F,",
                        "                0x00, 0x07, 0x03, 0x10,",
                        "//    0xC7,  1,  0x40,                // vcom offset",
                        "//    0x2A,  CMD_ARG,  0x00, CMD_ARG, 0x00, CMD_ARG, 0x00, CMD_ARG, 0x7F,   // set column address, not needed. set by direct API",
                        "//    0x2B,  CMD_ARG,  0x00, CMD_ARG, 0x00, CMD_ARG, 0x00, CMD_ARG, 0x9F,   // set page address, not needed. set by direct API",
                        "    0x29, CMD_DELAY,  100, // DISPON display on",
                        "    0x13, CMD_DELAY,   10, // NORON"
                    ]
                },
                "80x160":
                {
                    "init":
                    [
                        "#ifdef SDL_EMULATION",
                        "    SDL_LCD_ST7735, 0x00,",
                        "    0b00000100, 0x00,",
                        "#endif",
                        "    0x01, CMD_DELAY,  150,   // SWRESET sw reset. not needed, we do hardware reset",
                        "    0x11, CMD_DELAY,  255,   // SLPOUT exit sleep mode",
                        "    0xB1, 0x03, 0x01, 0x2C, 0x2D,  // FRMCTR1 frame rate control 1, use by default",
                        "    0xB2, 0x03, 0x01, 0x2C, 0x2D,  // FRMCTR2, Frame Rate Control (In Idle mode/ 8-colors)",
                        "    0xB3, 0x06,              // FRMCTR3 (B3h): Frame Rate Control (In Partial mode/ full colors)",
                        "                0x01, 0x2C, 0x2D,",
                        "                0x01, 0x2C, 0x2D,",
                        "    0xB4, 0x01, 0x07,        // INVCTR display inversion, use by default",
                        "    0xB6, 0x02, 0x15, 0x02,  // DISSET5",
                        "    0xC0, 0x03, 0xA2, 0x02, 0x84,  // PWCTR1 power control 1",
                        "    0xC1, 0x01, 0xC5,        // PWCTR2 power control 2",
                        "    0xC2, 0x02, 0x0A, 0x00,  // PWCTR3 power control 3",
                        "    0xC3, 0x02, 0x8A, 0x2A,  // PWCTR4 (C3h): Power Control 4 (in Idle mode/ 8-colors)",
                        "    0xC4, 0x02, 0x8A, 0xEE,  // PWCTR5 (C4h): Power Control 5 (in Partial mode/ full-colors)",
                        "    0xC5, 0x01, 0x0E,        // VMCTR vcom control 1",
                        "    0x20, 0x00,              // INVOFF (20h): Display Inversion Off",
                        "//    0xFC, 0x02, 0x11, 0x15,  // PWCTR6",
                        "    0x36, 0x01, 0b00000000,  // MADCTL",
                        "    0x3A, 0x01, 0x05,        // COLMOD set 16-bit pixel format",
                        "//    0x26, 1, 0x08,        // GAMSET set gamma curve: valid values 1, 2, 4, 8",
                        "//    0xF2, 1, 0x01,        // enable gamma adjustment, 0 - to disable",
                        "    0xE0, 0x10, // GMCTRP1 positive gamma correction",
                        "                0x0F, 0x1A, 0x0F, 0x18,",
                        "                0x2F, 0x28, 0x20, 0x22,",
                        "                0x1F, 0x1B, 0x23, 0x37,",
                        "                0x00, 0x07, 0x02, 0x10,",
                        "    0xE1, 0x10, // GMCTRN1 negative gamma correction",
                        "                0x0F, 0x1B, 0x0F, 0x17,",
                        "                0x33, 0x2C, 0x29, 0x2E,",
                        "                0x30, 0x30, 0x39, 0x3F,",
                        "                0x00, 0x07, 0x03, 0x10,",
                        "//    0xC7,  1,  0x40,                // vcom offset",
                        "//    0x2A,  CMD_ARG,  0x00, CMD_ARG, 0x00, CMD_ARG, 0x00, CMD_ARG, 0x7F,   // set column address, not needed. set by direct API",
                        "//    0x2B,  CMD_ARG,  0x00, CMD_ARG, 0x00, CMD_ARG, 0x00, CMD_ARG, 0x9F,   // set page address, not needed. set by direct API",
                        "    0x29, CMD_DELAY,  100, // DISPON display on",
                        "    0x13, CMD_DELAY,   10, // NORON"
                    ],
                    "begin":
                    [
                        "    this->m_intf.setOffset( 26, 0 );"
                    ]
                },
                "128x160":
                {
                    "init":
                    [
                        "#ifdef SDL_EMULATION",
                        "    SDL_LCD_ST7735, 0x00,",
                        "    0b00000011, 0x00,",
                        "#endif",
                        "    0x01, CMD_DELAY,  150,   // SWRESET sw reset. not needed, we do hardware reset",
                        "    0x11, CMD_DELAY,  255,   // SLPOUT exit sleep mode",
                        "    0xB1, 0x03, 0x01, 0x2C, 0x2D,  // FRMCTR1 frame rate control 1, use by default",
                        "    0xB2, 0x03, 0x01, 0x2C, 0x2D,  // FRMCTR2, Frame Rate Control (In Idle mode/ 8-colors)",
                        "    0xB3, 0x06,              // FRMCTR3 (B3h): Frame Rate Control (In Partial mode/ full colors)",
                        "                0x01, 0x2C, 0x2D,",
                        "                0x01, 0x2C, 0x2D,",
                        "    0xB4, 0x01, 0x07,        // INVCTR display inversion, use by default",
                        "    0xB6, 0x02, 0x15, 0x02,  // DISSET5",
                        "    0xC0, 0x03, 0xA2, 0x02, 0x84,  // PWCTR1 power control 1",
                        "    0xC1, 0x01, 0xC5,        // PWCTR2 power control 2",
                        "    0xC2, 0x02, 0x0A, 0x00,  // PWCTR3 power control 3",
                        "    0xC3, 0x02, 0x8A, 0x2A,  // PWCTR4 (C3h): Power Control 4 (in Idle mode/ 8-colors)",
                        "    0xC4, 0x02, 0x8A, 0xEE,  // PWCTR5 (C4h): Power Control 5 (in Partial mode/ full-colors)",
                        "    0xC5, 0x01, 0x0E,        // VMCTR vcom control 1",
                        "    0x20, 0x00,              // INVOFF (20h): Display Inversion Off",
                        "//    0xFC, 0x02, 0x11, 0x15,  // PWCTR6",
                        "    0x36, 0x01, 0b00000000,  // MADCTL",
                        "    0x3A, 0x01, 0x05,        // COLMOD set 16-bit pixel format",
                        "//    0x26, 1, 0x08,        // GAMSET set gamma curve: valid values 1, 2, 4, 8",
                        "//    0xF2, 1, 0x01,        // enable gamma adjustment, 0 - to disable",
                        "    0xE0, 0x10, // GMCTRP1 positive gamma correction",
                        "                0x0F, 0x1A, 0x0F, 0x18,",
                        "                0x2F, 0x28, 0x20, 0x22,",
                        "                0x1F, 0x1B, 0x23, 0x37,",
                        "                0x00, 0x07, 0x02, 0x10,",
                        "    0xE1, 0x10, // GMCTRN1 negative gamma correction",
                        "                0x0F, 0x1B, 0x0F, 0x17,",
                        "                0x33, 0x2C, 0x29, 0x2E,",
                        "                0x30, 0x30, 0x39, 0x3F,",
                        "                0x00, 0x07, 0x03, 0x10,",
                        "//    0xC7,  1,  0x40,                // vcom offset",
                        "//    0x2A,  CMD_ARG,  0x00, CMD_ARG, 0x00, CMD_ARG, 0x00, CMD_ARG, 0x7F,   // set column address, not needed. set by direct API",
                        "//    0x2B,  CMD_ARG,  0x00, CMD_ARG, 0x00, CMD_ARG, 0x00, CMD_ARG, 0x9F,   // set page address, not needed. set by direct API",
                        "    0x29, CMD_DELAY,  100, // DISPON display on",
                        "    0x13, CMD_DELAY,   10, // NORON"
                    ]
                }
            }
        }
    }
}

