  
{
    "name": "DisplayMenu",
    "version": "1.0.0",
    "keywords": "Arduino, tft, graphical, display, menu, ePaper, display, Pico, RP2040, STM32, ESP8266, NodeMCU, ESP32, M5Stack, ILI9341, ST7735, ILI9163, S6D02A1, ILI9481, ILI9486, ILI9488, ST7789, RM68140, SSD1351, SSD1963, ILI9225, HX8357D",
    "description": "Create menu and pages with ease on a graphical display supported by the TFT_eSPI library.",
    "repository":
    {
      "type": "git",
      "url": "https://github.com/guttih/DisplayMenu"
    },
    "authors":
    [
      {
          "name": "guttih",
          "email": "guttih@gmail.com",
          "maintainer": true
      }
    ],
    "dependencies": {
      "bodmer/TFT_eSPI": "*"
    },
    "frameworks": "arduino",
    "platforms": "rp2040, espressif8266, espressif32, ststm32"
  }