{
    "ssd1327":
    {
        "options":
        {
            "no_bits_in_name": true,
            "config_func": "_configureSpiDisplayCmdModeOnly",
            "rowcol_bits": 8,
            "args_in_cmd_mode": true,
            "col_cmd": "0x15",
            "column_div": 2,
            "row_cmd": "0x75",
            "reset_duration": 10,
            "reset_delay": 0
        },
        "interfaces":
        {
            "spi":
            {
                "frequency": 10000000
            },
            "i2c":
            {
                "addr": "0x3C",
                "frequency": 400000
            }
        },
        "bits":
        {
            "4":
            {
                "128x128":
                {
                    "init":
                    [
                        "#ifdef SDL_EMULATION",
                        "    SDL_LCD_SSD1327, 0x00,",
                        "    SDL_LCD_SSD1327_GENERIC, 0x00,",
                        "#endif",
                        "    0xFD, 0x01, 0x12,  // Unlock OLED",
                        "    0xAE, 0x00,        // OFF                         /* display off */",
                        "    0xA8, 0x01, 0x7F,  // multiplex 128",
                        "    0xA1, 0x01, 0x00,  // Start line",
                        "    0xA2, 0x01, 0x00,  // Display offset",
                        "    0xA0, 0x01, 0x40 | 0x10 | 0x00 | (0x02 | 0x01),   // REMAP: horizontal increment mode",
                        "    0xAB, 0x01, 0x01,  // VDD internal",
                        "    0x81, 0x01, 0x70,  // CONTRAST",
                        "    0xB1, 0x01, 0x55,  // PHASE 0x51",
                        "    0xB3, 0x01, 0x01,  // CLK",
                        "//   0xB9,         //Reload grey scale",
                        "    0xBC, 0x01, 0x08,  // PRECHARGE",
                        "    0xBE, 0x01, 0x07,  // VCOMH voltage",
                        "    0xB6, 0x01, 0x01,  // Second pre-charge",
                        "    0xA4, 0x00,        // NORMAL",
                        "    0x2E, 0x00,        // Deactivate scroll",
                        "    0xAF, 0x00,        // Display ON"
                    ]
                }
            }
        }
    }
}

